date;numero_commande;client_email;code_postal;ville;produit;quantite;montant_ttc;livraison
2024-07-16;CMD-2024-0001;jules.leroy86@exemple.fr;26205;Valence;Bougie cire de soja;1;26,90;Retrait boutique
2024-06-11;CMD-2024-0002;lucas.martin37@exemple.fr;54026;Nancy;Carte cadeau 50 €;1;54,90;Colissimo
2025-07-02;CMD-2024-0003;manon.martin39@exemple.fr;85774;La Roche-sur-Yon;Bougie cire de soja;1;26,90;Colissimo
2024-03-18;CMD-2024-0004;emma.durand0@exemple.fr;84578;Avignon;Coffret découverte 3 savons;1;29,80;Retrait boutique
2025-12-27;CMD-2024-0005;ines.robert67@exemple.fr;31193;Toulouse;Baume réparateur;1;17,80;Colissimo
2025-10-08;CMD-2024-0006;chloe.richard68@exemple.fr;03107;Moulins;Shampoing solide;4;44,50;Colissimo
2024-12-13;CMD-2024-0007;hugo.dubois30@exemple.fr;75581;Paris;Carte cadeau 50 €;1;54,90;Colissimo
2025-11-22;CMD-2024-0008;jules.leroy22@exemple.fr;21548;Dijon;Coffret découverte 3 savons;3;79,60;Colissimo
2024-05-06;CMD-2024-0009;manon.leroy50@exemple.fr;79175;Niort;Carte cadeau 50 €;3;154,90;Colissimo
2025-09-16;CMD-2024-0010;louis.dubois15@exemple.fr;66600;Perpignan;Carte cadeau 50 €;3;154,90;Colissimo
2025-05-18;CMD-2024-0011;zoe.bernard80@exemple.fr;17538;La Rochelle;Baume réparateur;1;17,80;Colissimo
2025-04-15;CMD-2024-0012;lucas.petit64@exemple.fr;59423;Lille;Huile sèche 100 ml;2;40,90;Colissimo
2025-02-09;CMD-2024-0013;camille.dubois76@exemple.fr;69809;Lyon;Huile sèche 100 ml;1;22,90;Colissimo
2025-08-09;CMD-2024-0014;lea.robert88@exemple.fr;84876;Avignon;Huile sèche 100 ml;1;22,90;Colissimo
2024-06-19;CMD-2024-0015;jules.richard52@exemple.fr;75598;Paris;Carte cadeau 50 €;3;154,90;Colissimo
2025-05-09;CMD-2024-0016;lucas.richard42@exemple.fr;67040;Strasbourg;Bougie cire de soja;1;26,90;Colissimo
2025-07-11;CMD-2024-0017;jules.leroy7@exemple.fr;74243;Annecy;Huile sèche 100 ml;1;22,90;Colissimo
2025-04-19;CMD-2024-0018;emma.leroy51@exemple.fr;18731;Bourges;Baume réparateur;2;30,70;Colissimo
2024-03-25;CMD-2024-0019;gabriel.laurent66@exemple.fr;72810;Le Mans;Shampoing solide;1;14,80;Colissimo
2025-10-17;CMD-2024-0020;lucas.moreau54@exemple.fr;74046;Annecy;Carte cadeau 50 €;2;104,90;Colissimo
2025-04-26;CMD-2024-0021;louis.durand5@exemple.fr;39560;Lons-le-Saunier;Carte cadeau 50 €;1;54,90;Colissimo
2025-06-16;CMD-2024-0022;nathan.garcia30@exemple.fr;75174;Paris;Savon lait d’ânesse;1;11,40;Colissimo
2025-01-09;CMD-2024-0023;jules.moreau0@exemple.fr;43255;Le Puy-en-Velay;Shampoing solide;1;14,80;Colissimo
2025-05-26;CMD-2024-0024;lucas.petit54@exemple.fr;49399;Angers;Baume réparateur;2;30,70;Colissimo
2024-06-23;CMD-2024-0025;emma.petit54@exemple.fr;85366;La Roche-sur-Yon;Huile sèche 100 ml;1;22,90;Colissimo
2025-06-07;CMD-2024-0026;emma.richard36@exemple.fr;86045;Poitiers;Huile sèche 100 ml;4;76,90;Colissimo
2024-10-14;CMD-2024-0027;manon.moreau13@exemple.fr;60776;Beauvais;Bougie cire de soja;1;26,90;Retrait boutique
2024-05-18;CMD-2024-0028;ines.robert40@exemple.fr;51421;Châlons-en-Champagne;Carte cadeau 50 €;2;104,90;Colissimo
2024-03-05;CMD-2024-0029;arthur.garcia63@exemple.fr;18854;Bourges;Carte cadeau 50 €;2;104,90;Colissimo
2025-11-15;CMD-2024-0030;nathan.garcia58@exemple.fr;46299;Cahors;Savon lait d’ânesse;1;11,40;Colissimo
2024-02-04;CMD-2024-0031;manon.durand17@exemple.fr;69396;Lyon;Bougie cire de soja;2;48,90;Retrait boutique
2024-06-27;CMD-2024-0032;chloe.moreau19@exemple.fr;24115;Périgueux;Shampoing solide;1;14,80;Colissimo
2024-08-15;CMD-2024-0033;camille.thomas1@exemple.fr;46072;Cahors;Shampoing solide;1;14,80;Colissimo
2024-07-21;CMD-2024-0034;ines.petit42@exemple.fr;39658;Lons-le-Saunier;Savon lait d’ânesse;1;11,40;Colissimo
2024-01-17;CMD-2024-0035;hugo.bernard15@exemple.fr;63543;Clermont-Ferrand;Coffret découverte 3 savons;1;29,80;Colissimo
2025-04-19;CMD-2024-0036;lucas.thomas73@exemple.fr;75116;Paris;Huile sèche 100 ml;1;22,90;Colissimo
2025-12-18;CMD-2024-0037;louis.robert6@exemple.fr;35119;Rennes;Carte cadeau 50 €;4;204,90;Colissimo
2025-03-19;CMD-2024-0038;hugo.durand2@exemple.fr;94749;Créteil;Savon lait d’ânesse;3;24,40;Colissimo
2025-10-10;CMD-2024-0039;camille.durand76@exemple.fr;58033;Nevers;Coffret découverte 3 savons;3;79,60;Colissimo
2025-03-23;CMD-2024-0040;louis.laurent70@exemple.fr;21352;Dijon;Carte cadeau 50 €;3;154,90;Retrait boutique
2024-08-04;CMD-2024-0041;louis.bernard2@exemple.fr;91650;Évry-Courcouronnes;Baume réparateur;1;17,80;Colissimo
2025-02-19;CMD-2024-0042;hugo.dubois88@exemple.fr;11280;Carcassonne;Trousse toilette lin;1;33,90;Colissimo
2024-02-21;CMD-2024-0043;gabriel.robert84@exemple.fr;36021;Châteauroux;Coffret découverte 3 savons;1;29,80;Colissimo
2025-06-15;CMD-2024-0044;emma.leroy67@exemple.fr;83822;Toulon;Huile sèche 100 ml;1;22,90;Colissimo
2024-02-16;CMD-2024-0045;lucas.dubois25@exemple.fr;67398;Strasbourg;Huile sèche 100 ml;3;58,90;Colissimo
2024-12-24;CMD-2024-0046;emma.moreau3@exemple.fr;15282;Aurillac;Shampoing solide;1;14,80;Colissimo
2025-10-02;CMD-2024-0047;camille.durand64@exemple.fr;43056;Le Puy-en-Velay;Savon lait d’ânesse;1;11,40;Colissimo
2024-10-09;CMD-2024-0048;ines.thomas68@exemple.fr;77806;Melun;Coffret découverte 3 savons;4;104,50;Colissimo
2024-04-02;CMD-2024-0049;hugo.bernard19@exemple.fr;85057;La Roche-sur-Yon;Huile sèche 100 ml;4;76,90;Colissimo
2025-06-26;CMD-2024-0050;arthur.martin54@exemple.fr;26182;Valence;Coffret découverte 3 savons;2;54,70;Colissimo
2025-07-19;CMD-2024-0051;louis.laurent25@exemple.fr;41633;Blois;Trousse toilette lin;1;33,90;Colissimo
2024-12-18;CMD-2024-0052;lea.thomas13@exemple.fr;75165;Paris;Shampoing solide;1;14,80;Colissimo
2024-04-04;CMD-2024-0053;jules.bernard10@exemple.fr;77641;Melun;Coffret découverte 3 savons;1;29,80;Retrait boutique
2024-08-04;CMD-2024-0054;nathan.thomas28@exemple.fr;91037;Évry-Courcouronnes;Coffret découverte 3 savons;4;104,50;Colissimo
2025-02-06;CMD-2024-0055;jules.durand13@exemple.fr;35728;Rennes;Huile sèche 100 ml;2;40,90;Colissimo
2025-02-01;CMD-2024-0056;lea.garcia62@exemple.fr;63294;Clermont-Ferrand;Bougie cire de soja;4;92,90;Colissimo
2025-01-27;CMD-2024-0057;camille.thomas68@exemple.fr;92102;Nanterre;Shampoing solide;1;14,80;Colissimo
2025-06-10;CMD-2024-0058;arthur.richard57@exemple.fr;01685;Bourg-en-Bresse;Carte cadeau 50 €;2;104,90;Colissimo
2025-05-10;CMD-2024-0059;chloe.thomas18@exemple.fr;30281;Nîmes;Carte cadeau 50 €;4;204,90;Colissimo
2025-12-01;CMD-2024-0060;manon.dubois43@exemple.fr;78727;Versailles;Shampoing solide;1;14,80;Colissimo
2025-12-20;CMD-2024-0061;louis.dubois36@exemple.fr;85265;La Roche-sur-Yon;Savon lait d’ânesse;1;11,40;Colissimo
2024-05-22;CMD-2024-0062;lea.robert83@exemple.fr;39867;Lons-le-Saunier;Savon lait d’ânesse;1;11,40;Colissimo
2024-11-26;CMD-2024-0063;chloe.simon50@exemple.fr;58497;Nevers;Trousse toilette lin;2;62,90;Colissimo
2024-04-03;CMD-2024-0064;louis.simon85@exemple.fr;07513;Privas;Trousse toilette lin;4;120,90;Colissimo
2024-06-12;CMD-2024-0065;chloe.robert40@exemple.fr;23499;Guéret;Coffret découverte 3 savons;1;29,80;Colissimo
2025-06-07;CMD-2024-0066;lucas.richard40@exemple.fr;53519;Laval;Baume réparateur;3;43,60;Colissimo
2024-08-25;CMD-2024-0067;manon.petit30@exemple.fr;83157;Toulon;Bougie cire de soja;1;26,90;Colissimo
2025-04-04;CMD-2024-0068;chloe.robert74@exemple.fr;85086;La Roche-sur-Yon;Bougie cire de soja;3;70,90;Colissimo
2024-01-05;CMD-2024-0069;jules.simon24@exemple.fr;21341;Dijon;Trousse toilette lin;1;33,90;Colissimo
2024-12-06;CMD-2024-0070;lucas.simon11@exemple.fr;35115;Rennes;Trousse toilette lin;4;120,90;Colissimo
2025-10-22;CMD-2024-0071;louis.bernard86@exemple.fr;75590;Paris;Coffret découverte 3 savons;3;79,60;Colissimo
2024-07-18;CMD-2024-0072;manon.lefebvre2@exemple.fr;86358;Poitiers;Coffret découverte 3 savons;2;54,70;Colissimo
2025-08-10;CMD-2024-0073;manon.martin71@exemple.fr;38656;Grenoble;Baume réparateur;4;56,50;Colissimo
2025-03-16;CMD-2024-0074;hugo.simon43@exemple.fr;60507;Beauvais;Coffret découverte 3 savons;1;29,80;Retrait boutique
2024-10-26;CMD-2024-0075;lucas.lefebvre7@exemple.fr;20000;Ajaccio;Bougie cire de soja;4;92,90;Colissimo
2024-09-08;CMD-2024-0076;jules.dubois40@exemple.fr;86366;Poitiers;Bougie cire de soja;4;92,90;Colissimo
2025-05-16;CMD-2024-0077;arthur.garcia29@exemple.fr;86609;Poitiers;Savon lait d’ânesse;1;11,40;Retrait boutique
2024-11-24;CMD-2024-0078;nathan.garcia25@exemple.fr;69228;Lyon;Bougie cire de soja;1;26,90;Retrait boutique
2024-04-20;CMD-2024-0079;louis.lefebvre17@exemple.fr;40432;Mont-de-Marsan;Baume réparateur;3;43,60;Colissimo
2025-05-26;CMD-2024-0080;hugo.martin67@exemple.fr;83859;Toulon;Savon lait d’ânesse;3;24,40;Colissimo
2024-11-24;CMD-2024-0081;arthur.bernard83@exemple.fr;44567;Nantes;Bougie cire de soja;3;70,90;Colissimo
2024-10-06;CMD-2024-0082;lucas.richard56@exemple.fr;78162;Versailles;Baume réparateur;1;17,80;Colissimo
2024-01-21;CMD-2024-0083;emma.robert86@exemple.fr;70536;Vesoul;Coffret découverte 3 savons;1;29,80;Colissimo
2025-05-11;CMD-2024-0084;zoe.robert67@exemple.fr;35446;Rennes;Coffret découverte 3 savons;1;29,80;Colissimo
2024-12-07;CMD-2024-0085;nathan.petit54@exemple.fr;44362;Nantes;Trousse toilette lin;1;33,90;Colissimo
2024-10-17;CMD-2024-0086;arthur.laurent9@exemple.fr;17538;La Rochelle;Trousse toilette lin;3;91,90;Colissimo
2025-11-24;CMD-2024-0087;nathan.garcia11@exemple.fr;83662;Toulon;Carte cadeau 50 €;3;154,90;Colissimo
2024-11-09;CMD-2024-0088;lucas.robert89@exemple.fr;32591;Auch;Baume réparateur;1;17,80;Colissimo
2025-07-15;CMD-2024-0089;arthur.garcia32@exemple.fr;18781;Bourges;Huile sèche 100 ml;2;40,90;Retrait boutique
2025-04-13;CMD-2024-0090;nathan.robert3@exemple.fr;05275;Gap;Savon lait d’ânesse;1;11,40;Colissimo
2024-07-11;CMD-2024-0091;camille.richard43@exemple.fr;31451;Toulouse;Baume réparateur;2;30,70;Colissimo
2025-11-05;CMD-2024-0092;louis.garcia6@exemple.fr;44597;Nantes;Baume réparateur;2;30,70;Colissimo
2025-06-15;CMD-2024-0093;arthur.richard17@exemple.fr;27362;Évreux;Baume réparateur;4;56,50;Colissimo
2024-02-19;CMD-2024-0094;ines.simon47@exemple.fr;15601;Aurillac;Coffret découverte 3 savons;3;79,60;Colissimo
2025-11-20;CMD-2024-0095;zoe.dubois16@exemple.fr;77240;Melun;Shampoing solide;1;14,80;Colissimo
2025-11-14;CMD-2024-0096;emma.petit46@exemple.fr;82554;Montauban;Shampoing solide;2;24,70;Colissimo
2024-05-28;CMD-2024-0097;lea.martin37@exemple.fr;79392;Niort;Trousse toilette lin;1;33,90;Colissimo
2025-05-23;CMD-2024-0098;manon.simon75@exemple.fr;80446;Amiens;Carte cadeau 50 €;1;54,90;Colissimo
2025-12-14;CMD-2024-0099;hugo.durand50@exemple.fr;84050;Avignon;Shampoing solide;2;24,70;Colissimo
2024-01-21;CMD-2024-0100;ines.petit64@exemple.fr;01771;Bourg-en-Bresse;Carte cadeau 50 €;4;204,90;Colissimo
2024-09-23;CMD-2024-0101;emma.bernard59@exemple.fr;93596;Bobigny;Carte cadeau 50 €;1;54,90;Retrait boutique
2024-11-10;CMD-2024-0102;camille.thomas41@exemple.fr;70159;Vesoul;Coffret découverte 3 savons;1;29,80;Colissimo
2025-07-14;CMD-2024-0103;arthur.dubois57@exemple.fr;75517;Paris;Bougie cire de soja;1;26,90;Retrait boutique
2024-02-06;CMD-2024-0104;emma.robert22@exemple.fr;74008;Annecy;Trousse toilette lin;3;91,90;Retrait boutique
2024-05-19;CMD-2024-0105;lucas.robert31@exemple.fr;68366;Colmar;Bougie cire de soja;4;92,90;Colissimo
2024-03-08;CMD-2024-0106;chloe.petit60@exemple.fr;39700;Lons-le-Saunier;Carte cadeau 50 €;4;204,90;Retrait boutique
2025-05-04;CMD-2024-0107;lucas.leroy72@exemple.fr;25574;Besançon;Carte cadeau 50 €;1;54,90;Retrait boutique
2025-11-20;CMD-2024-0108;manon.leroy75@exemple.fr;57135;Metz;Savon lait d’ânesse;4;30,90;Colissimo
2025-08-18;CMD-2024-0109;arthur.petit33@exemple.fr;60354;Beauvais;Bougie cire de soja;2;48,90;Colissimo
2025-03-07;CMD-2024-0110;arthur.dubois24@exemple.fr;44370;Nantes;Bougie cire de soja;3;70,90;Retrait boutique
2024-11-04;CMD-2024-0111;chloe.lefebvre8@exemple.fr;87421;Limoges;Trousse toilette lin;1;33,90;Colissimo
2024-12-19;CMD-2024-0112;emma.bernard87@exemple.fr;81043;Albi;Coffret découverte 3 savons;1;29,80;Colissimo
2025-03-09;CMD-2024-0113;manon.martin74@exemple.fr;35060;Rennes;Savon lait d’ânesse;1;11,40;Colissimo
2024-05-21;CMD-2024-0114;hugo.richard36@exemple.fr;10896;Troyes;Baume réparateur;1;17,80;Colissimo
2025-11-24;CMD-2024-0115;chloe.dubois75@exemple.fr;22881;Saint-Brieuc;Huile sèche 100 ml;4;76,90;Colissimo
2024-08-08;CMD-2024-0116;ines.leroy30@exemple.fr;92041;Nanterre;Coffret découverte 3 savons;1;29,80;Colissimo
2024-06-20;CMD-2024-0117;ines.lefebvre62@exemple.fr;34251;Montpellier;Bougie cire de soja;3;70,90;Colissimo
2024-06-21;CMD-2024-0118;louis.lefebvre78@exemple.fr;81202;Albi;Carte cadeau 50 €;1;54,90;Colissimo
2025-12-19;CMD-2024-0119;lea.durand61@exemple.fr;77353;Melun;Baume réparateur;4;56,50;Retrait boutique
2024-10-03;CMD-2024-0120;manon.robert69@exemple.fr;07766;Privas;Trousse toilette lin;4;120,90;Colissimo
2024-05-24;CMD-2024-0121;ines.moreau77@exemple.fr;43391;Le Puy-en-Velay;Bougie cire de soja;1;26,90;Colissimo
2025-03-13;CMD-2024-0122;gabriel.durand5@exemple.fr;62886;Arras;Coffret découverte 3 savons;2;54,70;Colissimo
2024-08-06;CMD-2024-0123;hugo.petit68@exemple.fr;01540;Bourg-en-Bresse;Trousse toilette lin;4;120,90;Colissimo
2024-02-10;CMD-2024-0124;jules.leroy3@exemple.fr;15041;Aurillac;Shampoing solide;2;24,70;Colissimo
2024-08-24;CMD-2024-0125;nathan.garcia84@exemple.fr;32402;Auch;Huile sèche 100 ml;1;22,90;Colissimo
2024-02-18;CMD-2024-0126;chloe.martin64@exemple.fr;34681;Montpellier;Carte cadeau 50 €;2;104,90;Colissimo
2025-03-23;CMD-2024-0127;arthur.dubois64@exemple.fr;76213;Rouen;Huile sèche 100 ml;1;22,90;Retrait boutique
2024-10-01;CMD-2024-0128;lea.moreau23@exemple.fr;48858;Mende;Baume réparateur;1;17,80;Colissimo
2025-10-08;CMD-2024-0129;gabriel.leroy26@exemple.fr;77136;Melun;Huile sèche 100 ml;2;40,90;Colissimo
2025-04-27;CMD-2024-0130;camille.moreau5@exemple.fr;53442;Laval;Huile sèche 100 ml;2;40,90;Colissimo
2025-01-19;CMD-2024-0131;manon.moreau36@exemple.fr;74630;Annecy;Huile sèche 100 ml;4;76,90;Colissimo
2025-07-07;CMD-2024-0132;nathan.garcia5@exemple.fr;48555;Mende;Bougie cire de soja;2;48,90;Colissimo
2025-07-25;CMD-2024-0133;gabriel.durand79@exemple.fr;54482;Nancy;Carte cadeau 50 €;1;54,90;Colissimo
2025-12-06;CMD-2024-0134;chloe.thomas21@exemple.fr;21459;Dijon;Trousse toilette lin;3;91,90;Retrait boutique
2024-12-12;CMD-2024-0135;gabriel.richard25@exemple.fr;70428;Vesoul;Shampoing solide;1;14,80;Colissimo
2025-04-21;CMD-2024-0136;chloe.durand63@exemple.fr;42067;Saint-Étienne;Huile sèche 100 ml;1;22,90;Colissimo
2025-12-01;CMD-2024-0137;arthur.richard13@exemple.fr;84192;Avignon;Bougie cire de soja;2;48,90;Colissimo
2025-04-20;CMD-2024-0138;arthur.petit75@exemple.fr;51093;Châlons-en-Champagne;Baume réparateur;1;17,80;Colissimo
2024-07-09;CMD-2024-0139;nathan.durand28@exemple.fr;75755;Paris;Coffret découverte 3 savons;1;29,80;Colissimo
2025-07-05;CMD-2024-0140;emma.simon49@exemple.fr;09332;Foix;Huile sèche 100 ml;1;22,90;Colissimo
2025-11-07;CMD-2024-0141;zoe.moreau40@exemple.fr;83071;Toulon;Baume réparateur;2;30,70;Colissimo
2024-08-05;CMD-2024-0142;arthur.simon53@exemple.fr;72715;Le Mans;Savon lait d’ânesse;1;11,40;Colissimo
2025-03-01;CMD-2024-0143;gabriel.durand45@exemple.fr;60044;Beauvais;Huile sèche 100 ml;2;40,90;Colissimo
2024-06-27;CMD-2024-0144;jules.dubois36@exemple.fr;56180;Vannes;Savon lait d’ânesse;2;17,90;Colissimo
2025-08-01;CMD-2024-0145;camille.simon3@exemple.fr;88141;Épinal;Carte cadeau 50 €;1;54,90;Colissimo
2025-02-26;CMD-2024-0146;ines.garcia28@exemple.fr;68792;Colmar;Shampoing solide;1;14,80;Retrait boutique
2024-02-12;CMD-2024-0147;arthur.leroy25@exemple.fr;26082;Valence;Huile sèche 100 ml;1;22,90;Colissimo
2024-11-14;CMD-2024-0148;emma.lefebvre10@exemple.fr;89132;Auxerre;Bougie cire de soja;2;48,90;Colissimo
2024-07-25;CMD-2024-0149;emma.petit67@exemple.fr;73678;Chambéry;Huile sèche 100 ml;1;22,90;Retrait boutique
2025-09-21;CMD-2024-0150;chloe.durand57@exemple.fr;74865;Annecy;Savon lait d’ânesse;3;24,40;Colissimo
2025-12-13;CMD-2024-0151;gabriel.laurent72@exemple.fr;77393;Melun;Bougie cire de soja;2;48,90;Colissimo
2024-04-11;CMD-2024-0152;manon.lefebvre73@exemple.fr;51296;Châlons-en-Champagne;Trousse toilette lin;2;62,90;Colissimo
2024-11-12;CMD-2024-0153;emma.lefebvre65@exemple.fr;20200;Bastia;Savon lait d’ânesse;2;17,90;Colissimo
2025-03-14;CMD-2024-0154;emma.bernard37@exemple.fr;77548;Melun;Baume réparateur;2;30,70;Colissimo
2024-01-23;CMD-2024-0155;chloe.garcia68@exemple.fr;35550;Rennes;Coffret découverte 3 savons;2;54,70;Retrait boutique
2024-05-22;CMD-2024-0156;lea.bernard53@exemple.fr;34408;Montpellier;Carte cadeau 50 €;2;104,90;Colissimo
2025-04-20;CMD-2024-0157;gabriel.petit17@exemple.fr;75565;Paris;Trousse toilette lin;1;33,90;Colissimo
2025-11-23;CMD-2024-0158;louis.bernard38@exemple.fr;82183;Montauban;Bougie cire de soja;2;48,90;Colissimo
2024-03-19;CMD-2024-0159;jules.simon31@exemple.fr;52432;Chaumont;Savon lait d’ânesse;1;11,40;Colissimo
2025-11-24;CMD-2024-0160;lea.martin45@exemple.fr;71675;Mâcon;Bougie cire de soja;1;26,90;Colissimo
2025-02-20;CMD-2024-0161;ines.garcia35@exemple.fr;01033;Bourg-en-Bresse;Coffret découverte 3 savons;1;29,80;Colissimo
2024-04-10;CMD-2024-0162;jules.martin62@exemple.fr;95690;Cergy;Shampoing solide;1;14,80;Colissimo
2025-07-25;CMD-2024-0163;hugo.leroy21@exemple.fr;52414;Chaumont;Bougie cire de soja;1;26,90;Retrait boutique
2025-02-26;CMD-2024-0164;ines.bernard12@exemple.fr;93202;Bobigny;Coffret découverte 3 savons;1;29,80;Colissimo
2025-02-18;CMD-2024-0165;zoe.robert65@exemple.fr;73893;Chambéry;Trousse toilette lin;4;120,90;Colissimo
2025-05-26;CMD-2024-0166;emma.lefebvre55@exemple.fr;57288;Metz;Huile sèche 100 ml;3;58,90;Colissimo
2025-09-27;CMD-2024-0167;louis.simon55@exemple.fr;42566;Saint-Étienne;Baume réparateur;4;56,50;Retrait boutique
2025-11-15;CMD-2024-0168;zoe.moreau45@exemple.fr;43609;Le Puy-en-Velay;Huile sèche 100 ml;1;22,90;Colissimo
2025-04-24;CMD-2024-0169;lucas.richard18@exemple.fr;75607;Paris;Carte cadeau 50 €;3;154,90;Colissimo
2024-03-14;CMD-2024-0170;emma.petit63@exemple.fr;34104;Montpellier;Coffret découverte 3 savons;4;104,50;Colissimo
2025-05-19;CMD-2024-0171;louis.garcia68@exemple.fr;77325;Melun;Huile sèche 100 ml;3;58,90;Retrait boutique
2024-09-14;CMD-2024-0172;nathan.bernard5@exemple.fr;22162;Saint-Brieuc;Baume réparateur;4;56,50;Colissimo
2025-04-25;CMD-2024-0173;lucas.dubois63@exemple.fr;93808;Bobigny;Baume réparateur;3;43,60;Colissimo
2024-02-19;CMD-2024-0174;chloe.bernard69@exemple.fr;49727;Angers;Trousse toilette lin;2;62,90;Colissimo
2025-07-16;CMD-2024-0175;manon.garcia86@exemple.fr;59170;Lille;Carte cadeau 50 €;2;104,90;Colissimo
2024-06-28;CMD-2024-0176;louis.dubois84@exemple.fr;24397;Périgueux;Baume réparateur;2;30,70;Colissimo
2024-12-08;CMD-2024-0177;lea.dubois50@exemple.fr;91405;Évry-Courcouronnes;Coffret découverte 3 savons;1;29,80;Colissimo
2024-10-09;CMD-2024-0178;jules.petit62@exemple.fr;71044;Mâcon;Trousse toilette lin;1;33,90;Colissimo
2025-01-12;CMD-2024-0179;zoe.leroy77@exemple.fr;91735;Évry-Courcouronnes;Coffret découverte 3 savons;1;29,80;Colissimo
2025-09-28;CMD-2024-0180;nathan.durand26@exemple.fr;45492;Orléans;Coffret découverte 3 savons;2;54,70;Colissimo
2024-07-18;CMD-2024-0181;ines.durand76@exemple.fr;12211;Rodez;Savon lait d’ânesse;1;11,40;Colissimo
2025-08-16;CMD-2024-0182;hugo.simon74@exemple.fr;64681;Pau;Savon lait d’ânesse;2;17,90;Colissimo
2024-07-24;CMD-2024-0183;louis.durand24@exemple.fr;11745;Carcassonne;Huile sèche 100 ml;1;22,90;Colissimo
2024-11-26;CMD-2024-0184;lucas.martin36@exemple.fr;68346;Colmar;Savon lait d’ânesse;1;11,40;Retrait boutique
2024-06-15;CMD-2024-0185;nathan.robert68@exemple.fr;68429;Colmar;Shampoing solide;4;44,50;Colissimo
2025-03-06;CMD-2024-0186;jules.richard68@exemple.fr;12256;Rodez;Baume réparateur;1;17,80;Colissimo
2025-10-03;CMD-2024-0187;gabriel.durand47@exemple.fr;37173;Tours;Savon lait d’ânesse;3;24,40;Colissimo
2024-07-21;CMD-2024-0188;louis.leroy54@exemple.fr;81062;Albi;Coffret découverte 3 savons;1;29,80;Colissimo
2025-11-03;CMD-2024-0189;lea.leroy56@exemple.fr;35183;Rennes;Trousse toilette lin;1;33,90;Colissimo
2024-12-22;CMD-2024-0190;chloe.robert56@exemple.fr;04211;Digne-les-Bains;Carte cadeau 50 €;1;54,90;Colissimo
2024-08-04;CMD-2024-0191;lucas.thomas88@exemple.fr;78754;Versailles;Huile sèche 100 ml;2;40,90;Colissimo
2024-12-03;CMD-2024-0192;lea.laurent85@exemple.fr;58756;Nevers;Bougie cire de soja;3;70,90;Colissimo
2024-11-12;CMD-2024-0193;camille.moreau52@exemple.fr;32367;Auch;Carte cadeau 50 €;1;54,90;Colissimo
2025-09-10;CMD-2024-0194;lucas.petit4@exemple.fr;04665;Digne-les-Bains;Coffret découverte 3 savons;1;29,80;Colissimo
2025-05-12;CMD-2024-0195;nathan.garcia84@exemple.fr;59451;Lille;Carte cadeau 50 €;2;104,90;Retrait boutique
2025-07-17;CMD-2024-0196;nathan.robert40@exemple.fr;75201;Paris;Baume réparateur;1;17,80;Colissimo
2025-01-26;CMD-2024-0197;emma.moreau28@exemple.fr;12440;Rodez;Trousse toilette lin;1;33,90;Colissimo
2025-04-04;CMD-2024-0198;lucas.simon40@exemple.fr;72762;Le Mans;Coffret découverte 3 savons;3;79,60;Colissimo
2024-11-23;CMD-2024-0199;jules.bernard18@exemple.fr;95489;Cergy;Huile sèche 100 ml;1;22,90;Colissimo
2025-01-14;CMD-2024-0200;emma.thomas69@exemple.fr;45811;Orléans;Huile sèche 100 ml;1;22,90;Colissimo
2024-10-13;CMD-2024-0201;chloe.thomas69@exemple.fr;37488;Tours;Shampoing solide;2;24,70;Colissimo
2024-08-05;CMD-2024-0202;arthur.richard38@exemple.fr;91640;Évry-Courcouronnes;Carte cadeau 50 €;2;104,90;Colissimo
2024-06-27;CMD-2024-0203;hugo.simon87@exemple.fr;83858;Toulon;Savon lait d’ânesse;2;17,90;Colissimo
2025-11-01;CMD-2024-0204;camille.dubois0@exemple.fr;67858;Strasbourg;Baume réparateur;1;17,80;Colissimo
2024-09-25;CMD-2024-0205;emma.dubois49@exemple.fr;02406;Laon;Coffret découverte 3 savons;3;79,60;Colissimo
2025-02-18;CMD-2024-0206;chloe.dubois38@exemple.fr;85264;La Roche-sur-Yon;Savon lait d’ânesse;1;11,40;Colissimo
2025-09-02;CMD-2024-0207;lea.laurent29@exemple.fr;18095;Bourges;Huile sèche 100 ml;3;58,90;Colissimo
2024-11-25;CMD-2024-0208;camille.petit71@exemple.fr;81043;Albi;Bougie cire de soja;1;26,90;Colissimo
2025-04-20;CMD-2024-0209;arthur.simon65@exemple.fr;34877;Montpellier;Bougie cire de soja;4;92,90;Colissimo
2024-01-15;CMD-2024-0210;chloe.simon2@exemple.fr;26844;Valence;Bougie cire de soja;3;70,90;Colissimo
2025-02-09;CMD-2024-0211;nathan.garcia85@exemple.fr;63666;Clermont-Ferrand;Huile sèche 100 ml;1;22,90;Colissimo
2025-03-25;CMD-2024-0212;ines.bernard13@exemple.fr;94225;Créteil;Bougie cire de soja;4;92,90;Colissimo
2025-07-13;CMD-2024-0213;nathan.richard82@exemple.fr;67870;Strasbourg;Trousse toilette lin;2;62,90;Colissimo
2025-04-11;CMD-2024-0214;manon.bernard69@exemple.fr;21409;Dijon;Trousse toilette lin;1;33,90;Colissimo
2025-08-14;CMD-2024-0215;manon.thomas30@exemple.fr;48615;Mende;Shampoing solide;4;44,50;Colissimo
2024-05-13;CMD-2024-0216;lea.richard31@exemple.fr;94623;Créteil;Coffret découverte 3 savons;3;79,60;Colissimo
2024-12-24;CMD-2024-0217;nathan.bernard46@exemple.fr;07438;Privas;Shampoing solide;2;24,70;Colissimo
2025-01-07;CMD-2024-0218;gabriel.garcia52@exemple.fr;60267;Beauvais;Huile sèche 100 ml;1;22,90;Colissimo
2024-07-17;CMD-2024-0219;louis.lefebvre33@exemple.fr;59275;Lille;Coffret découverte 3 savons;1;29,80;Colissimo
2024-02-24;CMD-2024-0220;nathan.moreau68@exemple.fr;08558;Charleville-Mézières;Shampoing solide;1;14,80;Colissimo
2024-08-12;CMD-2024-0221;gabriel.simon16@exemple.fr;67794;Strasbourg;Coffret découverte 3 savons;3;79,60;Colissimo
2025-11-03;CMD-2024-0222;camille.martin87@exemple.fr;95625;Cergy;Savon lait d’ânesse;2;17,90;Retrait boutique
2024-02-23;CMD-2024-0223;gabriel.simon43@exemple.fr;46446;Cahors;Trousse toilette lin;3;91,90;Colissimo
2024-11-11;CMD-2024-0224;emma.petit17@exemple.fr;40064;Mont-de-Marsan;Trousse toilette lin;1;33,90;Colissimo
2024-08-11;CMD-2024-0225;nathan.leroy86@exemple.fr;88327;Épinal;Huile sèche 100 ml;1;22,90;Colissimo
2025-12-28;CMD-2024-0226;lea.leroy21@exemple.fr;80218;Amiens;Shampoing solide;4;44,50;Colissimo
2024-01-25;CMD-2024-0227;ines.garcia37@exemple.fr;24570;Périgueux;Baume réparateur;1;17,80;Colissimo
2025-02-24;CMD-2024-0228;emma.garcia78@exemple.fr;91151;Évry-Courcouronnes;Trousse toilette lin;1;33,90;Colissimo
2024-02-28;CMD-2024-0229;lucas.moreau64@exemple.fr;26347;Valence;Savon lait d’ânesse;3;24,40;Colissimo
2024-09-15;CMD-2024-0230;emma.simon30@exemple.fr;65694;Tarbes;Savon lait d’ânesse;1;11,40;Colissimo
2024-09-21;CMD-2024-0231;camille.bernard11@exemple.fr;72843;Le Mans;Coffret découverte 3 savons;3;79,60;Colissimo
2025-04-15;CMD-2024-0232;lucas.moreau48@exemple.fr;27741;Évreux;Trousse toilette lin;2;62,90;Colissimo
2024-02-11;CMD-2024-0233;arthur.garcia74@exemple.fr;17033;La Rochelle;Coffret découverte 3 savons;3;79,60;Colissimo
2025-08-24;CMD-2024-0234;gabriel.garcia80@exemple.fr;69583;Lyon;Trousse toilette lin;1;33,90;Colissimo
2025-08-28;CMD-2024-0235;manon.dubois15@exemple.fr;69568;Lyon;Baume réparateur;1;17,80;Colissimo
2024-06-24;CMD-2024-0236;camille.durand88@exemple.fr;62735;Arras;Savon lait d’ânesse;1;11,40;Colissimo
2024-01-18;CMD-2024-0237;arthur.lefebvre63@exemple.fr;03006;Moulins;Coffret découverte 3 savons;1;29,80;Colissimo
2024-01-07;CMD-2024-0238;ines.simon65@exemple.fr;09192;Foix;Shampoing solide;1;14,80;Colissimo
2025-12-13;CMD-2024-0239;louis.simon7@exemple.fr;55057;Bar-le-Duc;Coffret découverte 3 savons;3;79,60;Colissimo
2025-02-06;CMD-2024-0240;manon.thomas36@exemple.fr;61706;Alençon;Bougie cire de soja;1;26,90;Retrait boutique
2025-03-28;CMD-2024-0241;gabriel.thomas31@exemple.fr;59198;Lille;Savon lait d’ânesse;1;11,40;Colissimo
2025-07-09;CMD-2024-0242;emma.richard57@exemple.fr;68586;Colmar;Carte cadeau 50 €;1;54,90;Colissimo
2025-10-27;CMD-2024-0243;louis.petit19@exemple.fr;78461;Versailles;Shampoing solide;2;24,70;Colissimo
2024-09-03;CMD-2024-0244;lea.lefebvre30@exemple.fr;56079;Vannes;Bougie cire de soja;1;26,90;Retrait boutique
2024-10-13;CMD-2024-0245;chloe.dubois82@exemple.fr;19310;Tulle;Shampoing solide;1;14,80;Colissimo
2024-02-22;CMD-2024-0246;chloe.lefebvre68@exemple.fr;73282;Chambéry;Bougie cire de soja;1;26,90;Colissimo
2025-04-02;CMD-2024-0247;hugo.robert49@exemple.fr;38395;Grenoble;Baume réparateur;1;17,80;Retrait boutique
2025-01-18;CMD-2024-0248;emma.laurent45@exemple.fr;69004;Lyon;Savon lait d’ânesse;1;11,40;Retrait boutique
2024-08-12;CMD-2024-0249;lucas.robert59@exemple.fr;72188;Le Mans;Trousse toilette lin;2;62,90;Colissimo
2025-08-25;CMD-2024-0250;lucas.dubois78@exemple.fr;61009;Alençon;Baume réparateur;3;43,60;Colissimo
2025-07-03;CMD-2024-0251;chloe.richard17@exemple.fr;34736;Montpellier;Baume réparateur;1;17,80;Colissimo
2024-02-26;CMD-2024-0252;lea.dubois72@exemple.fr;22470;Saint-Brieuc;Shampoing solide;1;14,80;Colissimo
2025-08-22;CMD-2024-0253;manon.simon11@exemple.fr;84868;Avignon;Shampoing solide;1;14,80;Retrait boutique
2024-05-28;CMD-2024-0254;gabriel.bernard12@exemple.fr;41273;Blois;Savon lait d’ânesse;1;11,40;Colissimo
2025-02-26;CMD-2024-0255;arthur.martin81@exemple.fr;10777;Troyes;Bougie cire de soja;4;92,90;Retrait boutique
2025-09-06;CMD-2024-0256;louis.thomas65@exemple.fr;24382;Périgueux;Huile sèche 100 ml;3;58,90;Colissimo
2025-11-11;CMD-2024-0257;lucas.petit21@exemple.fr;14280;Caen;Coffret découverte 3 savons;1;29,80;Colissimo
2025-05-14;CMD-2024-0258;lea.dubois39@exemple.fr;44669;Nantes;Coffret découverte 3 savons;2;54,70;Colissimo
2024-04-14;CMD-2024-0259;lucas.leroy81@exemple.fr;22622;Saint-Brieuc;Coffret découverte 3 savons;2;54,70;Colissimo
2025-05-22;CMD-2024-0260;hugo.garcia11@exemple.fr;22093;Saint-Brieuc;Shampoing solide;1;14,80;Colissimo
2025-02-03;CMD-2024-0261;jules.martin56@exemple.fr;67033;Strasbourg;Carte cadeau 50 €;1;54,90;Colissimo
2024-08-02;CMD-2024-0262;zoe.lefebvre46@exemple.fr;67562;Strasbourg;Baume réparateur;3;43,60;Colissimo
2024-04-28;CMD-2024-0263;nathan.durand29@exemple.fr;34517;Montpellier;Trousse toilette lin;1;33,90;Colissimo
2025-09-16;CMD-2024-0264;lucas.dubois82@exemple.fr;41849;Blois;Huile sèche 100 ml;1;22,90;Colissimo
2025-03-10;CMD-2024-0265;nathan.lefebvre11@exemple.fr;59381;Lille;Baume réparateur;1;17,80;Colissimo
2025-04-06;CMD-2024-0266;louis.lefebvre72@exemple.fr;59814;Lille;Carte cadeau 50 €;3;154,90;Colissimo
2025-09-25;CMD-2024-0267;camille.simon24@exemple.fr;85303;La Roche-sur-Yon;Baume réparateur;2;30,70;Colissimo
2025-05-04;CMD-2024-0268;lucas.petit10@exemple.fr;42300;Saint-Étienne;Bougie cire de soja;4;92,90;Colissimo
2024-10-24;CMD-2024-0269;zoe.laurent57@exemple.fr;33522;Bordeaux;Coffret découverte 3 savons;3;79,60;Retrait boutique
2025-10-28;CMD-2024-0270;lea.thomas63@exemple.fr;35856;Rennes;Huile sèche 100 ml;1;22,90;Colissimo
2025-12-24;CMD-2024-0271;arthur.dubois66@exemple.fr;26473;Valence;Coffret découverte 3 savons;1;29,80;Colissimo
2025-11-27;CMD-2024-0272;hugo.bernard23@exemple.fr;40013;Mont-de-Marsan;Trousse toilette lin;2;62,90;Colissimo
2024-07-14;CMD-2024-0273;hugo.moreau1@exemple.fr;91334;Évry-Courcouronnes;Baume réparateur;1;17,80;Colissimo
2025-12-25;CMD-2024-0274;chloe.thomas62@exemple.fr;49565;Angers;Baume réparateur;3;43,60;Colissimo
2025-07-17;CMD-2024-0275;emma.moreau12@exemple.fr;69351;Lyon;Trousse toilette lin;2;62,90;Colissimo
2025-01-22;CMD-2024-0276;ines.laurent80@exemple.fr;86691;Poitiers;Baume réparateur;3;43,60;Colissimo
2024-03-19;CMD-2024-0277;nathan.petit25@exemple.fr;56602;Vannes;Shampoing solide;2;24,70;Colissimo
2025-08-06;CMD-2024-0278;chloe.durand16@exemple.fr;17213;La Rochelle;Carte cadeau 50 €;1;54,90;Colissimo
2025-12-28;CMD-2024-0279;manon.lefebvre79@exemple.fr;01623;Bourg-en-Bresse;Bougie cire de soja;2;48,90;Colissimo
2025-02-23;CMD-2024-0280;arthur.laurent51@exemple.fr;75639;Paris;Trousse toilette lin;1;33,90;Colissimo
2024-09-28;CMD-2024-0281;hugo.garcia29@exemple.fr;95221;Cergy;Coffret découverte 3 savons;4;104,50;Colissimo
2024-12-16;CMD-2024-0282;louis.dubois56@exemple.fr;64765;Pau;Carte cadeau 50 €;1;54,90;Colissimo
2024-01-19;CMD-2024-0283;ines.martin83@exemple.fr;81030;Albi;Bougie cire de soja;1;26,90;Colissimo
2025-12-01;CMD-2024-0284;jules.garcia29@exemple.fr;74325;Annecy;Savon lait d’ânesse;2;17,90;Colissimo
2024-10-17;CMD-2024-0285;lucas.leroy84@exemple.fr;93535;Bobigny;Huile sèche 100 ml;1;22,90;Colissimo
2025-03-27;CMD-2024-0286;chloe.robert81@exemple.fr;49494;Angers;Savon lait d’ânesse;1;11,40;Colissimo
2024-07-06;CMD-2024-0287;chloe.martin54@exemple.fr;33679;Bordeaux;Shampoing solide;2;24,70;Retrait boutique
2024-06-14;CMD-2024-0288;manon.simon48@exemple.fr;01311;Bourg-en-Bresse;Carte cadeau 50 €;1;54,90;Colissimo
2025-08-21;CMD-2024-0289;lea.leroy87@exemple.fr;13743;Marseille;Coffret découverte 3 savons;3;79,60;Colissimo
2025-09-18;CMD-2024-0290;camille.durand51@exemple.fr;52799;Chaumont;Baume réparateur;1;17,80;Colissimo
2024-01-01;CMD-2024-0291;ines.garcia2@exemple.fr;11350;Carcassonne;Trousse toilette lin;2;62,90;Retrait boutique
2025-05-01;CMD-2024-0292;nathan.leroy19@exemple.fr;59433;Lille;Coffret découverte 3 savons;1;29,80;Colissimo
2024-07-17;CMD-2024-0293;nathan.martin86@exemple.fr;77509;Melun;Carte cadeau 50 €;3;154,90;Colissimo
2025-03-25;CMD-2024-0294;chloe.simon36@exemple.fr;54771;Nancy;Coffret découverte 3 savons;1;29,80;Colissimo
2025-12-10;CMD-2024-0295;ines.bernard59@exemple.fr;58643;Nevers;Savon lait d’ânesse;1;11,40;Colissimo
2025-09-06;CMD-2024-0296;emma.simon43@exemple.fr;25449;Besançon;Carte cadeau 50 €;4;204,90;Colissimo
2024-10-10;CMD-2024-0297;manon.dubois44@exemple.fr;95858;Cergy;Carte cadeau 50 €;4;204,90;Colissimo
2025-01-18;CMD-2024-0298;jules.petit8@exemple.fr;87800;Limoges;Carte cadeau 50 €;1;54,90;Colissimo
2024-03-14;CMD-2024-0299;emma.durand70@exemple.fr;93280;Bobigny;Trousse toilette lin;1;33,90;Retrait boutique
2024-03-17;CMD-2024-0300;camille.lefebvre36@exemple.fr;56815;Vannes;Huile sèche 100 ml;2;40,90;Colissimo
2025-11-20;CMD-2024-0301;hugo.leroy0@exemple.fr;11397;Carcassonne;Savon lait d’ânesse;1;11,40;Colissimo
2025-05-19;CMD-2024-0302;chloe.richard42@exemple.fr;07180;Privas;Carte cadeau 50 €;1;54,90;Colissimo
2024-04-24;CMD-2024-0303;louis.dubois21@exemple.fr;17756;La Rochelle;Trousse toilette lin;4;120,90;Colissimo
2025-11-13;CMD-2024-0304;ines.simon50@exemple.fr;78762;Versailles;Carte cadeau 50 €;4;204,90;Colissimo
2024-10-27;CMD-2024-0305;nathan.laurent28@exemple.fr;29131;Quimper;Huile sèche 100 ml;1;22,90;Colissimo
2025-04-21;CMD-2024-0306;emma.bernard65@exemple.fr;28259;Chartres;Shampoing solide;2;24,70;Retrait boutique
2024-07-10;CMD-2024-0307;chloe.lefebvre20@exemple.fr;64671;Pau;Shampoing solide;1;14,80;Colissimo
2024-11-02;CMD-2024-0308;louis.bernard86@exemple.fr;74569;Annecy;Coffret découverte 3 savons;3;79,60;Colissimo
2024-08-26;CMD-2024-0309;lea.martin82@exemple.fr;24597;Périgueux;Carte cadeau 50 €;1;54,90;Retrait boutique
2024-07-10;CMD-2024-0310;zoe.dubois65@exemple.fr;69420;Lyon;Carte cadeau 50 €;1;54,90;Colissimo
2025-12-19;CMD-2024-0311;jules.simon50@exemple.fr;85120;La Roche-sur-Yon;Baume réparateur;1;17,80;Colissimo
2024-03-28;CMD-2024-0312;zoe.petit73@exemple.fr;80753;Amiens;Savon lait d’ânesse;1;11,40;Colissimo
2024-08-25;CMD-2024-0313;ines.durand89@exemple.fr;61495;Alençon;Savon lait d’ânesse;2;17,90;Colissimo
2024-04-27;CMD-2024-0314;manon.richard57@exemple.fr;92698;Nanterre;Bougie cire de soja;3;70,90;Retrait boutique
2025-11-06;CMD-2024-0315;lea.laurent24@exemple.fr;83613;Toulon;Bougie cire de soja;1;26,90;Colissimo
2024-06-13;CMD-2024-0316;arthur.bernard2@exemple.fr;71742;Mâcon;Trousse toilette lin;1;33,90;Colissimo
2024-10-14;CMD-2024-0317;lea.moreau61@exemple.fr;33021;Bordeaux;Coffret découverte 3 savons;3;79,60;Colissimo
2025-01-12;CMD-2024-0318;chloe.durand26@exemple.fr;93382;Bobigny;Coffret découverte 3 savons;1;29,80;Colissimo
2025-05-28;CMD-2024-0319;louis.robert58@exemple.fr;14824;Caen;Trousse toilette lin;4;120,90;Colissimo
2024-07-11;CMD-2024-0320;jules.robert10@exemple.fr;91021;Évry-Courcouronnes;Coffret découverte 3 savons;1;29,80;Colissimo
2025-01-24;CMD-2024-0321;gabriel.laurent13@exemple.fr;38012;Grenoble;Trousse toilette lin;2;62,90;Colissimo
2024-04-24;CMD-2024-0322;camille.thomas16@exemple.fr;13575;Marseille;Savon lait d’ânesse;1;11,40;Colissimo
2025-07-03;CMD-2024-0323;gabriel.petit67@exemple.fr;61200;Alençon;Huile sèche 100 ml;1;22,90;Colissimo
2024-10-08;CMD-2024-0324;lucas.laurent81@exemple.fr;78234;Versailles;Baume réparateur;1;17,80;Colissimo
2025-12-03;CMD-2024-0325;lucas.thomas30@exemple.fr;83505;Toulon;Carte cadeau 50 €;2;104,90;Retrait boutique
2024-12-19;CMD-2024-0326;hugo.martin42@exemple.fr;87294;Limoges;Bougie cire de soja;2;48,90;Colissimo
2024-02-06;CMD-2024-0327;chloe.laurent30@exemple.fr;57678;Metz;Baume réparateur;2;30,70;Colissimo
2024-10-21;CMD-2024-0328;nathan.garcia12@exemple.fr;17009;La Rochelle;Carte cadeau 50 €;4;204,90;Colissimo
2025-12-11;CMD-2024-0329;ines.petit10@exemple.fr;18697;Bourges;Huile sèche 100 ml;1;22,90;Colissimo
2024-07-27;CMD-2024-0330;manon.simon60@exemple.fr;78655;Versailles;Bougie cire de soja;1;26,90;Colissimo
2025-04-19;CMD-2024-0331;nathan.garcia84@exemple.fr;31660;Toulouse;Shampoing solide;1;14,80;Colissimo
2025-10-24;CMD-2024-0332;chloe.lefebvre7@exemple.fr;69041;Lyon;Shampoing solide;1;14,80;Colissimo
2024-10-15;CMD-2024-0333;emma.bernard17@exemple.fr;94613;Créteil;Trousse toilette lin;1;33,90;Colissimo
2025-03-20;CMD-2024-0334;camille.richard89@exemple.fr;79095;Niort;Carte cadeau 50 €;4;204,90;Colissimo
2024-07-01;CMD-2024-0335;emma.leroy86@exemple.fr;77830;Melun;Coffret découverte 3 savons;2;54,70;Colissimo
2025-01-02;CMD-2024-0336;camille.durand83@exemple.fr;38180;Grenoble;Trousse toilette lin;3;91,90;Colissimo
2024-09-13;CMD-2024-0337;gabriel.robert73@exemple.fr;76534;Rouen;Baume réparateur;1;17,80;Colissimo
2024-04-08;CMD-2024-0338;ines.bernard16@exemple.fr;26300;Valence;Coffret découverte 3 savons;4;104,50;Colissimo
2025-11-16;CMD-2024-0339;jules.thomas66@exemple.fr;18352;Bourges;Carte cadeau 50 €;1;54,90;Colissimo
2025-08-24;CMD-2024-0340;nathan.laurent53@exemple.fr;42708;Saint-Étienne;Bougie cire de soja;3;70,90;Colissimo
2024-07-16;CMD-2024-0341;jules.bernard1@exemple.fr;38018;Grenoble;Trousse toilette lin;3;91,90;Colissimo
2024-03-10;CMD-2024-0342;jules.durand15@exemple.fr;67329;Strasbourg;Savon lait d’ânesse;1;11,40;Colissimo
2025-08-02;CMD-2024-0343;lea.richard64@exemple.fr;02387;Laon;Bougie cire de soja;2;48,90;Colissimo
2024-03-08;CMD-2024-0344;louis.bernard31@exemple.fr;53060;Laval;Baume réparateur;1;17,80;Retrait boutique
2024-05-06;CMD-2024-0345;emma.petit23@exemple.fr;33778;Bordeaux;Baume réparateur;3;43,60;Colissimo
2025-02-23;CMD-2024-0346;nathan.bernard62@exemple.fr;78355;Versailles;Carte cadeau 50 €;4;204,90;Retrait boutique
2025-06-20;CMD-2024-0347;manon.laurent49@exemple.fr;56114;Vannes;Trousse toilette lin;1;33,90;Colissimo
2025-02-27;CMD-2024-0348;emma.moreau12@exemple.fr;87545;Limoges;Trousse toilette lin;4;120,90;Colissimo
2025-09-06;CMD-2024-0349;lucas.petit61@exemple.fr;14376;Caen;Trousse toilette lin;4;120,90;Colissimo
2025-11-28;CMD-2024-0350;jules.lefebvre0@exemple.fr;64224;Pau;Coffret découverte 3 savons;1;29,80;Colissimo
2024-04-26;CMD-2024-0351;gabriel.laurent54@exemple.fr;62360;Arras;Trousse toilette lin;2;62,90;Colissimo
2025-04-11;CMD-2024-0352;ines.richard19@exemple.fr;70632;Vesoul;Shampoing solide;1;14,80;Colissimo
2024-11-08;CMD-2024-0353;hugo.richard47@exemple.fr;56652;Vannes;Huile sèche 100 ml;1;22,90;Retrait boutique
2024-12-11;CMD-2024-0354;camille.simon8@exemple.fr;30430;Nîmes;Shampoing solide;4;44,50;Colissimo
2025-10-27;CMD-2024-0355;lea.bernard85@exemple.fr;68061;Colmar;Coffret découverte 3 savons;1;29,80;Colissimo
2025-03-09;CMD-2024-0356;nathan.lefebvre69@exemple.fr;16341;Angoulême;Savon lait d’ânesse;1;11,40;Colissimo
2025-07-22;CMD-2024-0357;jules.robert43@exemple.fr;02803;Laon;Bougie cire de soja;1;26,90;Colissimo
2024-06-08;CMD-2024-0358;zoe.petit65@exemple.fr;36153;Châteauroux;Carte cadeau 50 €;1;54,90;Colissimo
2025-06-27;CMD-2024-0359;louis.richard78@exemple.fr;07444;Privas;Coffret découverte 3 savons;4;104,50;Colissimo
2025-08-09;CMD-2024-0360;nathan.bernard40@exemple.fr;12771;Rodez;Shampoing solide;2;24,70;Colissimo
2024-12-20;CMD-2024-0361;gabriel.simon59@exemple.fr;86454;Poitiers;Savon lait d’ânesse;4;30,90;Colissimo
2025-05-08;CMD-2024-0362;lea.dubois52@exemple.fr;92776;Nanterre;Coffret découverte 3 savons;4;104,50;Retrait boutique
2024-10-13;CMD-2024-0363;hugo.bernard23@exemple.fr;75168;Paris;Savon lait d’ânesse;1;11,40;Colissimo
2025-10-02;CMD-2024-0364;chloe.petit59@exemple.fr;63760;Clermont-Ferrand;Trousse toilette lin;1;33,90;Colissimo
2024-11-04;CMD-2024-0365;nathan.dubois12@exemple.fr;10640;Troyes;Coffret découverte 3 savons;3;79,60;Retrait boutique
2025-01-25;CMD-2024-0366;gabriel.simon16@exemple.fr;08051;Charleville-Mézières;Shampoing solide;1;14,80;Retrait boutique
2024-11-06;CMD-2024-0367;jules.moreau62@exemple.fr;51049;Châlons-en-Champagne;Baume réparateur;1;17,80;Colissimo
2025-08-13;CMD-2024-0368;nathan.lefebvre2@exemple.fr;07116;Privas;Shampoing solide;1;14,80;Retrait boutique
2025-12-16;CMD-2024-0369;ines.leroy16@exemple.fr;72580;Le Mans;Shampoing solide;1;14,80;Colissimo
2024-04-24;CMD-2024-0370;manon.durand41@exemple.fr;29165;Quimper;Trousse toilette lin;1;33,90;Colissimo
2025-02-20;CMD-2024-0371;lucas.robert47@exemple.fr;18666;Bourges;Shampoing solide;1;14,80;Retrait boutique
2025-12-11;CMD-2024-0372;zoe.leroy86@exemple.fr;47302;Agen;Coffret découverte 3 savons;3;79,60;Colissimo
2024-03-18;CMD-2024-0373;ines.garcia65@exemple.fr;83166;Toulon;Baume réparateur;2;30,70;Retrait boutique
2025-12-08;CMD-2024-0374;manon.richard36@exemple.fr;60705;Beauvais;Trousse toilette lin;1;33,90;Colissimo
2025-01-13;CMD-2024-0375;lea.martin78@exemple.fr;78643;Versailles;Carte cadeau 50 €;3;154,90;Retrait boutique
2024-04-13;CMD-2024-0376;ines.dubois64@exemple.fr;60631;Beauvais;Carte cadeau 50 €;2;104,90;Colissimo
2024-12-23;CMD-2024-0377;lucas.durand44@exemple.fr;27570;Évreux;Coffret découverte 3 savons;4;104,50;Retrait boutique
2025-05-01;CMD-2024-0378;ines.petit9@exemple.fr;16495;Angoulême;Carte cadeau 50 €;1;54,90;Colissimo
2024-06-25;CMD-2024-0379;camille.durand61@exemple.fr;60356;Beauvais;Bougie cire de soja;2;48,90;Colissimo
2024-11-12;CMD-2024-0380;lea.thomas61@exemple.fr;95356;Cergy;Baume réparateur;4;56,50;Colissimo
2024-07-17;CMD-2024-0381;manon.laurent46@exemple.fr;08530;Charleville-Mézières;Coffret découverte 3 savons;1;29,80;Colissimo
2025-09-08;CMD-2024-0382;chloe.dubois50@exemple.fr;33884;Bordeaux;Savon lait d’ânesse;1;11,40;Retrait boutique
2024-04-16;CMD-2024-0383;gabriel.petit70@exemple.fr;04467;Digne-les-Bains;Huile sèche 100 ml;1;22,90;Colissimo
2025-05-14;CMD-2024-0384;manon.robert89@exemple.fr;59213;Lille;Trousse toilette lin;4;120,90;Colissimo
2025-05-22;CMD-2024-0385;zoe.leroy67@exemple.fr;16265;Angoulême;Carte cadeau 50 €;1;54,90;Colissimo
2024-08-25;CMD-2024-0386;manon.laurent3@exemple.fr;32124;Auch;Savon lait d’ânesse;2;17,90;Retrait boutique
2025-01-13;CMD-2024-0387;emma.martin62@exemple.fr;73239;Chambéry;Huile sèche 100 ml;1;22,90;Colissimo
2024-06-28;CMD-2024-0388;arthur.durand38@exemple.fr;25368;Besançon;Carte cadeau 50 €;1;54,90;Colissimo
2024-09-07;CMD-2024-0389;nathan.simon83@exemple.fr;67845;Strasbourg;Savon lait d’ânesse;1;11,40;Colissimo
2024-07-11;CMD-2024-0390;emma.leroy20@exemple.fr;19627;Tulle;Huile sèche 100 ml;2;40,90;Retrait boutique
2024-06-21;CMD-2024-0391;zoe.richard43@exemple.fr;78804;Versailles;Savon lait d’ânesse;2;17,90;Colissimo
2024-10-26;CMD-2024-0392;chloe.lefebvre84@exemple.fr;25581;Besançon;Baume réparateur;3;43,60;Colissimo
2024-01-04;CMD-2024-0393;lucas.richard59@exemple.fr;59779;Lille;Bougie cire de soja;1;26,90;Colissimo
2024-05-09;CMD-2024-0394;chloe.laurent55@exemple.fr;81155;Albi;Huile sèche 100 ml;2;40,90;Colissimo
2025-09-07;CMD-2024-0395;louis.robert72@exemple.fr;68467;Colmar;Savon lait d’ânesse;4;30,90;Retrait boutique
2025-12-01;CMD-2024-0396;nathan.dubois24@exemple.fr;59648;Lille;Shampoing solide;1;14,80;Colissimo
2025-12-24;CMD-2024-0397;zoe.dubois46@exemple.fr;22426;Saint-Brieuc;Trousse toilette lin;1;33,90;Colissimo
2024-12-07;CMD-2024-0398;gabriel.petit40@exemple.fr;36168;Châteauroux;Savon lait d’ânesse;2;17,90;Colissimo
2024-11-26;CMD-2024-0399;hugo.dubois12@exemple.fr;50514;Saint-Lô;Shampoing solide;1;14,80;Colissimo
2024-05-07;CMD-2024-0400;louis.leroy20@exemple.fr;60553;Beauvais;Coffret découverte 3 savons;3;79,60;Colissimo
2025-03-19;CMD-2025-0401;nathan.moreau3@exemple.fr;17023;La Rochelle;Huile sèche 100 ml;4;76,90;Colissimo
2025-09-23;CMD-2025-0402;lucas.laurent63@exemple.fr;95382;Cergy;Huile sèche 100 ml;1;22,90;Colissimo
2024-07-07;CMD-2025-0403;camille.richard74@exemple.fr;75124;Paris;Huile sèche 100 ml;3;58,90;Colissimo
2025-01-26;CMD-2025-0404;lea.laurent79@exemple.fr;46292;Cahors;Savon lait d’ânesse;3;24,40;Colissimo
2024-12-12;CMD-2025-0405;camille.lefebvre16@exemple.fr;62454;Arras;Baume réparateur;2;30,70;Colissimo
2024-09-26;CMD-2025-0406;arthur.laurent55@exemple.fr;75542;Paris;Carte cadeau 50 €;3;154,90;Colissimo
2024-03-09;CMD-2025-0407;jules.richard19@exemple.fr;58746;Nevers;Huile sèche 100 ml;1;22,90;Retrait boutique
2024-02-04;CMD-2025-0408;jules.moreau38@exemple.fr;08506;Charleville-Mézières;Savon lait d’ânesse;1;11,40;Colissimo
2025-12-26;CMD-2025-0409;gabriel.dubois20@exemple.fr;69093;Lyon;Bougie cire de soja;1;26,90;Colissimo
2025-09-05;CMD-2025-0410;hugo.petit45@exemple.fr;59364;Lille;Coffret découverte 3 savons;2;54,70;Colissimo
2024-10-24;CMD-2025-0411;arthur.simon29@exemple.fr;78782;Versailles;Shampoing solide;1;14,80;Colissimo
2025-08-08;CMD-2025-0412;lucas.richard9@exemple.fr;83391;Toulon;Bougie cire de soja;3;70,90;Colissimo
2024-05-12;CMD-2025-0413;gabriel.leroy69@exemple.fr;36698;Châteauroux;Huile sèche 100 ml;2;40,90;Colissimo
2025-12-12;CMD-2025-0414;chloe.robert76@exemple.fr;46308;Cahors;Baume réparateur;1;17,80;Colissimo
2025-04-08;CMD-2025-0415;jules.dubois23@exemple.fr;78638;Versailles;Carte cadeau 50 €;1;54,90;Colissimo
2024-10-19;CMD-2025-0416;zoe.moreau43@exemple.fr;72362;Le Mans;Savon lait d’ânesse;1;11,40;Colissimo
2025-08-12;CMD-2025-0417;hugo.lefebvre85@exemple.fr;92678;Nanterre;Savon lait d’ânesse;4;30,90;Retrait boutique
2025-10-10;CMD-2025-0418;gabriel.lefebvre33@exemple.fr;17284;La Rochelle;Savon lait d’ânesse;1;11,40;Colissimo
2024-05-22;CMD-2025-0419;zoe.moreau7@exemple.fr;06131;Nice;Savon lait d’ânesse;2;17,90;Colissimo
2025-02-17;CMD-2025-0420;lucas.durand38@exemple.fr;29330;Quimper;Carte cadeau 50 €;1;54,90;Colissimo
2025-11-05;CMD-2025-0421;gabriel.leroy85@exemple.fr;45434;Orléans;Bougie cire de soja;1;26,90;Retrait boutique
2024-07-04;CMD-2025-0422;manon.laurent52@exemple.fr;59115;Lille;Savon lait d’ânesse;3;24,40;Colissimo
2024-02-11;CMD-2025-0423;hugo.robert86@exemple.fr;84181;Avignon;Baume réparateur;1;17,80;Colissimo
2025-11-27;CMD-2025-0424;lucas.martin15@exemple.fr;85819;La Roche-sur-Yon;Shampoing solide;3;34,60;Colissimo
2025-01-08;CMD-2025-0425;chloe.laurent50@exemple.fr;08274;Charleville-Mézières;Carte cadeau 50 €;3;154,90;Colissimo
2025-04-28;CMD-2025-0426;zoe.leroy84@exemple.fr;70344;Vesoul;Trousse toilette lin;1;33,90;Colissimo
2025-05-21;CMD-2025-0427;jules.durand49@exemple.fr;36695;Châteauroux;Savon lait d’ânesse;1;11,40;Colissimo
2024-03-21;CMD-2025-0428;arthur.moreau78@exemple.fr;60359;Beauvais;Carte cadeau 50 €;2;104,90;Colissimo
2025-11-19;CMD-2025-0429;chloe.lefebvre10@exemple.fr;07718;Privas;Shampoing solide;2;24,70;Colissimo
2025-10-16;CMD-2025-0430;arthur.garcia46@exemple.fr;92007;Nanterre;Carte cadeau 50 €;3;154,90;Colissimo
2025-07-07;CMD-2025-0431;zoe.moreau78@exemple.fr;69039;Lyon;Carte cadeau 50 €;4;204,90;Retrait boutique
2024-01-16;CMD-2025-0432;camille.robert40@exemple.fr;92689;Nanterre;Bougie cire de soja;1;26,90;Colissimo
2025-08-26;CMD-2025-0433;emma.thomas54@exemple.fr;38827;Grenoble;Bougie cire de soja;4;92,90;Colissimo
2025-02-01;CMD-2025-0434;emma.richard86@exemple.fr;13875;Marseille;Trousse toilette lin;1;33,90;Colissimo
2025-11-11;CMD-2025-0435;emma.leroy85@exemple.fr;87506;Limoges;Coffret découverte 3 savons;1;29,80;Colissimo
2024-08-13;CMD-2025-0436;manon.thomas51@exemple.fr;17208;La Rochelle;Bougie cire de soja;1;26,90;Colissimo
2025-04-28;CMD-2025-0437;zoe.petit73@exemple.fr;60001;Beauvais;Baume réparateur;4;56,50;Colissimo
2025-03-15;CMD-2025-0438;hugo.thomas67@exemple.fr;95788;Cergy;Shampoing solide;1;14,80;Retrait boutique
2024-03-14;CMD-2025-0439;nathan.robert58@exemple.fr;68731;Colmar;Coffret découverte 3 savons;1;29,80;Colissimo
2025-04-09;CMD-2025-0440;arthur.robert40@exemple.fr;75470;Paris;Trousse toilette lin;1;33,90;Retrait boutique
2025-10-03;CMD-2025-0441;gabriel.leroy88@exemple.fr;60156;Beauvais;Baume réparateur;1;17,80;Colissimo
2025-07-19;CMD-2025-0442;hugo.simon72@exemple.fr;63250;Clermont-Ferrand;Coffret découverte 3 savons;1;29,80;Colissimo
2025-04-18;CMD-2025-0443;ines.martin57@exemple.fr;84713;Avignon;Carte cadeau 50 €;3;154,90;Retrait boutique
2025-10-20;CMD-2025-0444;zoe.bernard12@exemple.fr;19222;Tulle;Shampoing solide;2;24,70;Colissimo
2024-05-17;CMD-2025-0445;hugo.lefebvre57@exemple.fr;95105;Cergy;Coffret découverte 3 savons;1;29,80;Colissimo
2025-06-08;CMD-2025-0446;emma.thomas0@exemple.fr;57349;Metz;Shampoing solide;4;44,50;Colissimo
2024-09-26;CMD-2025-0447;chloe.robert39@exemple.fr;69827;Lyon;Shampoing solide;2;24,70;Retrait boutique
2025-06-09;CMD-2025-0448;lucas.dubois45@exemple.fr;66219;Perpignan;Trousse toilette lin;1;33,90;Colissimo
2025-10-23;CMD-2025-0449;lucas.bernard55@exemple.fr;20000;Ajaccio;Savon lait d’ânesse;2;17,90;Retrait boutique
2024-10-09;CMD-2025-0450;louis.richard84@exemple.fr;06860;Nice;Huile sèche 100 ml;1;22,90;Colissimo
2025-04-01;CMD-2025-0451;camille.durand14@exemple.fr;35316;Rennes;Coffret découverte 3 savons;3;79,60;Colissimo
2024-03-19;CMD-2025-0452;ines.robert38@exemple.fr;67224;Strasbourg;Huile sèche 100 ml;4;76,90;Colissimo
2024-08-01;CMD-2025-0453;nathan.robert52@exemple.fr;09263;Foix;Huile sèche 100 ml;1;22,90;Colissimo
2025-03-22;CMD-2025-0454;louis.moreau50@exemple.fr;52489;Chaumont;Bougie cire de soja;3;70,90;Colissimo
2024-05-06;CMD-2025-0455;lea.simon81@exemple.fr;07025;Privas;Carte cadeau 50 €;1;54,90;Colissimo
2024-04-14;CMD-2025-0456;hugo.lefebvre43@exemple.fr;43317;Le Puy-en-Velay;Trousse toilette lin;1;33,90;Colissimo
2025-05-05;CMD-2025-0457;lucas.martin54@exemple.fr;75183;Paris;Huile sèche 100 ml;3;58,90;Retrait boutique
2025-03-03;CMD-2025-0458;camille.lefebvre68@exemple.fr;44718;Nantes;Savon lait d’ânesse;1;11,40;Colissimo
2025-04-14;CMD-2025-0459;emma.moreau62@exemple.fr;89004;Auxerre;Trousse toilette lin;3;91,90;Colissimo
2025-02-10;CMD-2025-0460;lea.martin53@exemple.fr;95761;Cergy;Savon lait d’ânesse;1;11,40;Colissimo
2024-11-12;CMD-2025-0461;lucas.simon59@exemple.fr;75027;Paris;Huile sèche 100 ml;4;76,90;Retrait boutique
2025-06-12;CMD-2025-0462;lucas.lefebvre40@exemple.fr;71144;Mâcon;Shampoing solide;1;14,80;Colissimo
2025-10-05;CMD-2025-0463;nathan.moreau16@exemple.fr;60667;Beauvais;Coffret découverte 3 savons;1;29,80;Colissimo
2025-03-09;CMD-2025-0464;hugo.bernard30@exemple.fr;11123;Carcassonne;Coffret découverte 3 savons;1;29,80;Colissimo
2024-06-19;CMD-2025-0465;jules.bernard2@exemple.fr;37112;Tours;Savon lait d’ânesse;3;24,40;Retrait boutique
2024-01-22;CMD-2025-0466;nathan.leroy6@exemple.fr;92550;Nanterre;Bougie cire de soja;4;92,90;Colissimo
2024-10-03;CMD-2025-0467;hugo.durand25@exemple.fr;74868;Annecy;Baume réparateur;1;17,80;Colissimo
2025-05-22;CMD-2025-0468;emma.simon69@exemple.fr;94840;Créteil;Trousse toilette lin;1;33,90;Colissimo
2024-08-25;CMD-2025-0469;emma.bernard5@exemple.fr;74216;Annecy;Coffret découverte 3 savons;4;104,50;Colissimo
2025-12-17;CMD-2025-0470;camille.garcia83@exemple.fr;85097;La Roche-sur-Yon;Bougie cire de soja;1;26,90;Colissimo
2025-09-01;CMD-2025-0471;lea.garcia39@exemple.fr;77071;Melun;Huile sèche 100 ml;1;22,90;Colissimo
2024-07-10;CMD-2025-0472;manon.lefebvre59@exemple.fr;37748;Tours;Baume réparateur;1;17,80;Colissimo
2024-01-21;CMD-2025-0473;gabriel.thomas76@exemple.fr;13580;Marseille;Savon lait d’ânesse;4;30,90;Colissimo
2025-09-26;CMD-2025-0474;nathan.lefebvre56@exemple.fr;18663;Bourges;Shampoing solide;3;34,60;Retrait boutique
2024-07-04;CMD-2025-0475;lucas.laurent65@exemple.fr;59108;Lille;Trousse toilette lin;3;91,90;Colissimo
2025-05-28;CMD-2025-0476;chloe.garcia82@exemple.fr;49657;Angers;Shampoing solide;1;14,80;Colissimo
2024-12-05;CMD-2025-0477;gabriel.martin81@exemple.fr;73215;Chambéry;Huile sèche 100 ml;3;58,90;Colissimo
2025-06-27;CMD-2025-0478;manon.dubois84@exemple.fr;83202;Toulon;Carte cadeau 50 €;1;54,90;Colissimo
2024-04-03;CMD-2025-0479;gabriel.thomas22@exemple.fr;88068;Épinal;Bougie cire de soja;4;92,90;Colissimo
2024-10-07;CMD-2025-0480;hugo.richard85@exemple.fr;27704;Évreux;Carte cadeau 50 €;1;54,90;Colissimo
2024-12-22;CMD-2025-0481;nathan.bernard7@exemple.fr;92065;Nanterre;Bougie cire de soja;1;26,90;Colissimo
2025-11-07;CMD-2025-0482;lea.martin40@exemple.fr;83381;Toulon;Bougie cire de soja;3;70,90;Colissimo
2025-12-09;CMD-2025-0483;manon.moreau82@exemple.fr;02590;Laon;Huile sèche 100 ml;1;22,90;Retrait boutique
2024-03-23;CMD-2025-0484;ines.laurent74@exemple.fr;79075;Niort;Baume réparateur;3;43,60;Colissimo
2024-03-05;CMD-2025-0485;chloe.robert86@exemple.fr;70676;Vesoul;Baume réparateur;2;30,70;Colissimo
2024-01-25;CMD-2025-0486;camille.richard67@exemple.fr;77249;Melun;Huile sèche 100 ml;4;76,90;Retrait boutique
2025-07-27;CMD-2025-0487;camille.petit11@exemple.fr;68787;Colmar;Savon lait d’ânesse;1;11,40;Colissimo
2025-03-22;CMD-2025-0488;zoe.lefebvre17@exemple.fr;10300;Troyes;Coffret découverte 3 savons;1;29,80;Colissimo
2024-04-27;CMD-2025-0489;zoe.laurent84@exemple.fr;69319;Lyon;Bougie cire de soja;3;70,90;Colissimo
2024-03-23;CMD-2025-0490;nathan.garcia60@exemple.fr;81496;Albi;Savon lait d’ânesse;2;17,90;Colissimo
2025-06-28;CMD-2025-0491;ines.bernard1@exemple.fr;19482;Tulle;Baume réparateur;1;17,80;Colissimo
2025-01-10;CMD-2025-0492;manon.dubois61@exemple.fr;51682;Châlons-en-Champagne;Savon lait d’ânesse;1;11,40;Colissimo
2024-11-09;CMD-2025-0493;gabriel.richard84@exemple.fr;51201;Châlons-en-Champagne;Shampoing solide;2;24,70;Colissimo
2024-09-20;CMD-2025-0494;jules.durand15@exemple.fr;76223;Rouen;Savon lait d’ânesse;4;30,90;Colissimo
2024-10-10;CMD-2025-0495;hugo.lefebvre43@exemple.fr;03226;Moulins;Trousse toilette lin;1;33,90;Colissimo
2025-11-26;CMD-2025-0496;emma.lefebvre62@exemple.fr;08880;Charleville-Mézières;Carte cadeau 50 €;2;104,90;Retrait boutique
2025-04-14;CMD-2025-0497;arthur.richard5@exemple.fr;91453;Évry-Courcouronnes;Bougie cire de soja;4;92,90;Colissimo
2024-05-11;CMD-2025-0498;nathan.robert71@exemple.fr;38753;Grenoble;Bougie cire de soja;1;26,90;Colissimo
2025-09-14;CMD-2025-0499;louis.leroy23@exemple.fr;81743;Albi;Carte cadeau 50 €;4;204,90;Colissimo
2025-06-07;CMD-2025-0500;chloe.moreau53@exemple.fr;60522;Beauvais;Shampoing solide;4;44,50;Colissimo
2024-10-26;CMD-2025-0501;camille.richard69@exemple.fr;69098;Lyon;Trousse toilette lin;3;91,90;Colissimo
2025-10-06;CMD-2025-0502;hugo.durand60@exemple.fr;58613;Nevers;Trousse toilette lin;1;33,90;Colissimo
2025-08-24;CMD-2025-0503;zoe.dubois32@exemple.fr;40741;Mont-de-Marsan;Baume réparateur;3;43,60;Colissimo
2025-10-17;CMD-2025-0504;camille.robert84@exemple.fr;85120;La Roche-sur-Yon;Baume réparateur;4;56,50;Retrait boutique
2024-01-01;CMD-2025-0505;lea.martin71@exemple.fr;94537;Créteil;Baume réparateur;1;17,80;Colissimo
2024-10-25;CMD-2025-0506;gabriel.petit69@exemple.fr;29613;Quimper;Carte cadeau 50 €;2;104,90;Colissimo
2025-06-03;CMD-2025-0507;emma.lefebvre57@exemple.fr;63180;Clermont-Ferrand;Savon lait d’ânesse;2;17,90;Colissimo
2025-09-07;CMD-2025-0508;chloe.dubois23@exemple.fr;32752;Auch;Shampoing solide;3;34,60;Retrait boutique
2025-08-24;CMD-2025-0509;jules.garcia72@exemple.fr;08839;Charleville-Mézières;Trousse toilette lin;4;120,90;Colissimo
2024-06-26;CMD-2025-0510;arthur.thomas83@exemple.fr;42869;Saint-Étienne;Coffret découverte 3 savons;3;79,60;Colissimo
2024-11-06;CMD-2025-0511;emma.laurent60@exemple.fr;59644;Lille;Shampoing solide;1;14,80;Colissimo
2025-04-23;CMD-2025-0512;arthur.petit47@exemple.fr;71784;Mâcon;Bougie cire de soja;3;70,90;Colissimo
2025-11-08;CMD-2025-0513;camille.richard40@exemple.fr;22312;Saint-Brieuc;Huile sèche 100 ml;1;22,90;Colissimo
2024-12-05;CMD-2025-0514;nathan.dubois3@exemple.fr;29195;Quimper;Savon lait d’ânesse;1;11,40;Colissimo
2024-09-06;CMD-2025-0515;lea.martin25@exemple.fr;78868;Versailles;Huile sèche 100 ml;4;76,90;Colissimo
2024-01-17;CMD-2025-0516;nathan.bernard25@exemple.fr;32143;Auch;Bougie cire de soja;1;26,90;Retrait boutique
2025-10-08;CMD-2025-0517;chloe.martin80@exemple.fr;71452;Mâcon;Shampoing solide;3;34,60;Colissimo
2025-05-06;CMD-2025-0518;manon.laurent22@exemple.fr;54693;Nancy;Trousse toilette lin;2;62,90;Colissimo
2024-03-15;CMD-2025-0519;lucas.lefebvre62@exemple.fr;95233;Cergy;Baume réparateur;1;17,80;Retrait boutique
2024-05-11;CMD-2025-0520;ines.garcia0@exemple.fr;48461;Mende;Coffret découverte 3 savons;2;54,70;Colissimo
2024-04-19;CMD-2025-0521;camille.simon82@exemple.fr;41308;Blois;Coffret découverte 3 savons;3;79,60;Retrait boutique
2024-04-11;CMD-2025-0522;louis.dubois87@exemple.fr;81291;Albi;Carte cadeau 50 €;2;104,90;Colissimo
2024-08-08;CMD-2025-0523;nathan.dubois72@exemple.fr;77168;Melun;Huile sèche 100 ml;1;22,90;Colissimo
2025-08-28;CMD-2025-0524;manon.moreau27@exemple.fr;70425;Vesoul;Shampoing solide;1;14,80;Colissimo
2025-12-04;CMD-2025-0525;hugo.simon39@exemple.fr;64536;Pau;Huile sèche 100 ml;1;22,90;Colissimo
2025-03-01;CMD-2025-0526;hugo.petit12@exemple.fr;71353;Mâcon;Savon lait d’ânesse;2;17,90;Retrait boutique
2024-02-18;CMD-2025-0527;nathan.bernard83@exemple.fr;74232;Annecy;Baume réparateur;1;17,80;Colissimo
2025-01-04;CMD-2025-0528;lea.robert46@exemple.fr;91569;Évry-Courcouronnes;Baume réparateur;1;17,80;Colissimo
2024-06-21;CMD-2025-0529;lucas.thomas87@exemple.fr;88185;Épinal;Coffret découverte 3 savons;2;54,70;Colissimo
2025-01-15;CMD-2025-0530;louis.martin32@exemple.fr;73006;Chambéry;Savon lait d’ânesse;1;11,40;Colissimo
2024-12-07;CMD-2025-0531;lucas.garcia67@exemple.fr;82626;Montauban;Baume réparateur;1;17,80;Retrait boutique
2025-08-20;CMD-2025-0532;lucas.simon85@exemple.fr;38715;Grenoble;Huile sèche 100 ml;3;58,90;Colissimo
2024-02-13;CMD-2025-0533;manon.robert36@exemple.fr;30361;Nîmes;Huile sèche 100 ml;1;22,90;Retrait boutique
2024-04-17;CMD-2025-0534;emma.bernard51@exemple.fr;85293;La Roche-sur-Yon;Trousse toilette lin;3;91,90;Colissimo
2024-11-20;CMD-2025-0535;lucas.moreau34@exemple.fr;77528;Melun;Savon lait d’ânesse;1;11,40;Colissimo
2025-08-10;CMD-2025-0536;hugo.durand50@exemple.fr;95627;Cergy;Coffret découverte 3 savons;1;29,80;Colissimo
2024-10-22;CMD-2025-0537;emma.petit78@exemple.fr;76765;Rouen;Shampoing solide;1;14,80;Colissimo
2025-01-28;CMD-2025-0538;chloe.petit31@exemple.fr;02487;Laon;Baume réparateur;1;17,80;Colissimo
2024-01-20;CMD-2025-0539;ines.thomas5@exemple.fr;18094;Bourges;Huile sèche 100 ml;2;40,90;Colissimo
2024-10-20;CMD-2025-0540;manon.petit66@exemple.fr;61416;Alençon;Bougie cire de soja;2;48,90;Retrait boutique
2025-05-05;CMD-2025-0541;camille.richard26@exemple.fr;91452;Évry-Courcouronnes;Trousse toilette lin;2;62,90;Colissimo
2024-06-24;CMD-2025-0542;chloe.richard19@exemple.fr;06651;Nice;Trousse toilette lin;2;62,90;Colissimo
2025-10-05;CMD-2025-0543;gabriel.thomas62@exemple.fr;72335;Le Mans;Shampoing solide;1;14,80;Colissimo
2024-03-25;CMD-2025-0544;emma.lefebvre83@exemple.fr;56137;Vannes;Carte cadeau 50 €;4;204,90;Colissimo
2025-05-09;CMD-2025-0545;chloe.simon36@exemple.fr;53812;Laval;Coffret découverte 3 savons;1;29,80;Colissimo
2025-03-24;CMD-2025-0546;emma.lefebvre2@exemple.fr;78899;Versailles;Baume réparateur;3;43,60;Colissimo
2024-09-18;CMD-2025-0547;nathan.durand6@exemple.fr;35017;Rennes;Carte cadeau 50 €;1;54,90;Colissimo
2025-11-12;CMD-2025-0548;gabriel.leroy59@exemple.fr;93854;Bobigny;Baume réparateur;2;30,70;Retrait boutique
2025-05-06;CMD-2025-0549;camille.petit34@exemple.fr;53639;Laval;Bougie cire de soja;1;26,90;Colissimo
2025-06-01;CMD-2025-0550;hugo.durand52@exemple.fr;27811;Évreux;Trousse toilette lin;1;33,90;Colissimo
2024-07-18;CMD-2025-0551;nathan.leroy74@exemple.fr;93884;Bobigny;Bougie cire de soja;4;92,90;Colissimo
2024-02-24;CMD-2025-0552;hugo.dubois73@exemple.fr;76250;Rouen;Savon lait d’ânesse;2;17,90;Colissimo
2024-11-19;CMD-2025-0553;gabriel.leroy85@exemple.fr;56045;Vannes;Carte cadeau 50 €;1;54,90;Colissimo
2025-05-14;CMD-2025-0554;gabriel.richard68@exemple.fr;61586;Alençon;Huile sèche 100 ml;4;76,90;Retrait boutique
2025-06-04;CMD-2025-0555;gabriel.robert11@exemple.fr;74474;Annecy;Shampoing solide;2;24,70;Retrait boutique
2025-02-27;CMD-2025-0556;zoe.bernard67@exemple.fr;17775;La Rochelle;Baume réparateur;3;43,60;Retrait boutique
2025-12-09;CMD-2025-0557;manon.bernard61@exemple.fr;46822;Cahors;Huile sèche 100 ml;3;58,90;Colissimo
2025-07-06;CMD-2025-0558;jules.moreau62@exemple.fr;72138;Le Mans;Coffret découverte 3 savons;1;29,80;Colissimo
2025-09-11;CMD-2025-0559;arthur.richard89@exemple.fr;92265;Nanterre;Coffret découverte 3 savons;1;29,80;Colissimo
2025-11-22;CMD-2025-0560;gabriel.robert59@exemple.fr;66413;Perpignan;Savon lait d’ânesse;1;11,40;Colissimo
2025-04-19;CMD-2025-0561;emma.martin12@exemple.fr;05377;Gap;Trousse toilette lin;1;33,90;Colissimo
2024-03-25;CMD-2025-0562;louis.richard7@exemple.fr;59221;Lille;Trousse toilette lin;3;91,90;Retrait boutique
2024-07-02;CMD-2025-0563;nathan.dubois57@exemple.fr;75828;Paris;Shampoing solide;3;34,60;Colissimo
2024-10-12;CMD-2025-0564;zoe.lefebvre12@exemple.fr;94078;Créteil;Savon lait d’ânesse;1;11,40;Colissimo
2025-02-07;CMD-2025-0565;camille.richard9@exemple.fr;34621;Montpellier;Trousse toilette lin;4;120,90;Colissimo
2025-01-24;CMD-2025-0566;jules.leroy13@exemple.fr;73480;Chambéry;Bougie cire de soja;1;26,90;Colissimo
2025-10-26;CMD-2025-0567;manon.moreau20@exemple.fr;40511;Mont-de-Marsan;Bougie cire de soja;1;26,90;Colissimo
2024-09-01;CMD-2025-0568;chloe.leroy23@exemple.fr;25825;Besançon;Huile sèche 100 ml;2;40,90;Colissimo
2024-04-05;CMD-2025-0569;gabriel.petit20@exemple.fr;68122;Colmar;Huile sèche 100 ml;3;58,90;Retrait boutique
2025-11-13;CMD-2025-0570;camille.durand48@exemple.fr;55637;Bar-le-Duc;Baume réparateur;2;30,70;Colissimo
2025-12-03;CMD-2025-0571;lucas.laurent57@exemple.fr;62395;Arras;Huile sèche 100 ml;2;40,90;Colissimo
2025-12-16;CMD-2025-0572;lucas.bernard37@exemple.fr;94106;Créteil;Shampoing solide;1;14,80;Retrait boutique
2025-03-20;CMD-2025-0573;jules.leroy59@exemple.fr;79248;Niort;Trousse toilette lin;3;91,90;Colissimo
2025-12-26;CMD-2025-0574;louis.dubois17@exemple.fr;03340;Moulins;Shampoing solide;2;24,70;Colissimo
2025-03-25;CMD-2025-0575;gabriel.leroy51@exemple.fr;78542;Versailles;Savon lait d’ânesse;4;30,90;Colissimo
2024-10-03;CMD-2025-0576;arthur.dubois75@exemple.fr;17544;La Rochelle;Coffret découverte 3 savons;1;29,80;Colissimo
2024-05-26;CMD-2025-0577;arthur.petit44@exemple.fr;64630;Pau;Baume réparateur;1;17,80;Colissimo
2025-07-15;CMD-2025-0578;ines.laurent67@exemple.fr;95821;Cergy;Coffret découverte 3 savons;2;54,70;Retrait boutique
2024-06-03;CMD-2025-0579;lucas.laurent34@exemple.fr;70450;Vesoul;Shampoing solide;2;24,70;Colissimo
2025-12-14;CMD-2025-0580;manon.simon8@exemple.fr;13208;Marseille;Shampoing solide;1;14,80;Colissimo
2025-08-21;CMD-2025-0581;louis.thomas47@exemple.fr;40434;Mont-de-Marsan;Coffret découverte 3 savons;1;29,80;Colissimo
2024-06-04;CMD-2025-0582;hugo.leroy36@exemple.fr;69786;Lyon;Bougie cire de soja;3;70,90;Colissimo
2024-11-06;CMD-2025-0583;lea.thomas0@exemple.fr;79101;Niort;Carte cadeau 50 €;3;154,90;Colissimo
2024-09-01;CMD-2025-0584;camille.petit72@exemple.fr;49658;Angers;Bougie cire de soja;3;70,90;Retrait boutique
2024-02-10;CMD-2025-0585;arthur.laurent76@exemple.fr;20200;Bastia;Coffret découverte 3 savons;2;54,70;Colissimo
2025-03-04;CMD-2025-0586;arthur.leroy29@exemple.fr;29413;Quimper;Carte cadeau 50 €;1;54,90;Colissimo
2025-12-18;CMD-2025-0587;lea.robert51@exemple.fr;31528;Toulouse;Bougie cire de soja;1;26,90;Colissimo
2025-07-01;CMD-2025-0588;nathan.durand6@exemple.fr;28440;Chartres;Bougie cire de soja;3;70,90;Colissimo
2024-11-08;CMD-2025-0589;manon.dubois85@exemple.fr;58420;Nevers;Huile sèche 100 ml;1;22,90;Retrait boutique
2024-01-10;CMD-2025-0590;gabriel.garcia11@exemple.fr;02195;Laon;Carte cadeau 50 €;2;104,90;Colissimo
2024-01-07;CMD-2025-0591;chloe.richard40@exemple.fr;20000;Ajaccio;Carte cadeau 50 €;3;154,90;Colissimo
2025-07-22;CMD-2025-0592;camille.simon16@exemple.fr;38617;Grenoble;Huile sèche 100 ml;1;22,90;Colissimo
2025-07-10;CMD-2025-0593;ines.richard7@exemple.fr;59737;Lille;Savon lait d’ânesse;1;11,40;Colissimo
2025-11-05;CMD-2025-0594;ines.laurent34@exemple.fr;17208;La Rochelle;Savon lait d’ânesse;2;17,90;Colissimo
2025-04-11;CMD-2025-0595;zoe.moreau22@exemple.fr;77146;Melun;Bougie cire de soja;3;70,90;Retrait boutique
2025-02-25;CMD-2025-0596;chloe.garcia16@exemple.fr;78046;Versailles;Shampoing solide;1;14,80;Colissimo
2024-09-07;CMD-2025-0597;zoe.durand85@exemple.fr;69307;Lyon;Shampoing solide;1;14,80;Colissimo
2025-08-17;CMD-2025-0598;arthur.bernard69@exemple.fr;23420;Guéret;Trousse toilette lin;4;120,90;Colissimo
2024-05-18;CMD-2025-0599;nathan.durand4@exemple.fr;35361;Rennes;Bougie cire de soja;1;26,90;Colissimo
2024-02-21;CMD-2025-0600;manon.garcia40@exemple.fr;75012;Paris;Baume réparateur;2;30,70;Colissimo
